INSERT INTO Banco (idBanco, nome, CNPJ) VALUES
(1,  'Banco do Brasil',  '00.000.000/0001-91'),
(2,  'Banco Inter',  '00.416.968/0001-01'),
(3,  'Banco Safra',  '58.160.789/0001-28'),
(4,  'Bradesco',  '60.746.948/0001-12'),
(5,  'C6 Bank',  '31.872.495/0001-72'),
(6,  'Caixa Econômica Federal',  '00.360.305/0001-04'),
(7,  'Itaú Unibanco',  '60.701.190/0001-04'),
(8,  'Nubank',  '18.236.120/0001-58'),
(9,  'Santander Brasil',  '90.400.888/0001-42'),
(10, 'XP', '02.332.886/0001-04'),
(11, 'Banco 11', '00000000000011'),
(12, 'Banco 12', '00000000000012'),
(13, 'Banco 13', '00000000000013'),
(14, 'Banco 14', '00000000000014'),
(15, 'Banco 15', '00000000000015'),
(16, 'Banco 16', '00000000000016'),
(17, 'Banco 17', '00000000000017'),
(18, 'Banco 18', '00000000000018'),
(19, 'Banco 19', '00000000000019'),
(20, 'Banco 20', '00000000000020'),
(21, 'Banco 21', '00000000000021'),
(22, 'Banco 22', '00000000000022'),
(23, 'Banco 23', '00000000000023'),
(24, 'Banco 24', '00000000000024'),
(25, 'Banco 25', '00000000000025'),
(26, 'Banco 26', '00000000000026'),
(27, 'Banco 27', '00000000000027'),
(28, 'Banco 28', '00000000000028'),
(29, 'Banco 29', '00000000000029'),
(30, 'Banco 30', '00000000000030');

INSERT INTO Cliente (idCliente, nome, rua, numero, CEP) VALUES
(1, 'Lucas', 'Boa Viagem', '101', '50010001'),
(2, 'Henrique', 'Pina', '102', '50010002'),
(3, 'Maria Regina Moraes', 'Encruzilhada', '103', '50010003'),
(4, 'Mariana Guimarães Coêlho', 'Torre', '104', '50010004'),
(5, 'Julia Nunes Cordeiro', 'Poço da Panela', '105', '50010005'),
(6, 'Bruno Feitosa', 'Rosarinho', '106', '50010006'),
(7, 'Maria Luíza Dantas Tavares', 'Monteiro', '107', '50010007'),
(8, 'Julya Micaely da Silva', 'Dois irmãos', '108', '50010008'),
(9, 'Irvin', 'Aldeia', '109', '50010009'),
(10, 'Juliana Lima', 'Casa Forte', '110', '50010010'),
(11, 'Lídia', 'Poço da Panela', '111', '50010011'),
(12, 'Sofia Duarte', 'Ilha do leite', '112', '50010012'),
(13, 'Nina Zilá', 'Boa viagem', '113', '50010013'),
(14, 'Maria Luiza', 'Madalena', '114', '50010014'),
(15, 'Antonio', 'Torre', '115', '50010015'),
(16, 'arthur rocha campos', 'Boa Viagem', '116', '50010016'),
(17, 'Rosélio', 'Recife - Hipodromo', '117', '50010017'),
(18, 'Adelia', 'Madalena', '118', '50010018'),
(19, 'Breno Tavares', 'Poço da Panela', '119', '50010019'),
(20, 'Guilherme', 'Camaragibe', '120', '50010020'),
(21, 'Isabela Lima Alves Dantas', 'Aldeia', '121', '50010021'),
(22, 'Maria Isabel freire pessoa raposo', 'Casa forte', '122', '50010022'),
(23, 'Maria Clara Holanda', 'Rosarinho', '123', '50010023'),
(24, 'Luisa Martins', 'Camaragibe', '124', '50010024'),
(25, 'Marcela Coutinho Cavalcanti', 'Boa viagem', '125', '50010025'),
(26, 'Clara Amorim', 'Monteiro', '126', '50010026'),
(27, 'victor', 'Casa Forte', '127', '50010027'),
(28, 'miguel rabelo', 'Rosarinho', '128', '50010028'),
(29, 'Leonardo Almeida', 'Casa Forte', '129', '50010029'),
(30, 'Fabiana', 'Apipucos', '130', '50010030'),
(31, 'Julia Maria', 'Barra de Jangada', '131', '50010031'),
(32, 'Letícia', 'Rio Doce / Olinda', '132', '50010032');

INSERT INTO Solicitacao (idSolicitacao) VALUES
(1),(2),(3),(4),(5),
(6),(7),(8),(9),(10),
(11),(12),(13),(14),(15),
(16),(17),(18),(19),(20),
(21),(22),(23),(24),(25),
(26),(27),(28),(29),(30);

INSERT INTO Funcionario (idFuncionario, idBanco, nome, funcao, solicitacao, idSupervisor) VALUES
(1,  1,  'Funcionario 1',  'Gerente',    1,   NULL),
(2,  2,  'Funcionario 2',  'Atendente',  2,   1),
(3,  3,  'Funcionario 3',  'Atendente',  3,   6),
(4,  4,  'Funcionario 4',  'Atendente',  4,   1),
(5,  5,  'Funcionario 5',  'Atendente',  5,   3),
(6,  6,  'Funcionario 6',  'Gerente',    6,   NULL),
(7,  7,  'Funcionario 7',  'Atendente',  7,   9),
(8,  8,  'Funcionario 8',  'Atendente',  8,   11),
(9,  9,  'Funcionario 9',  'Atendente',  9,   2),
(10, 10, 'Funcionario 10', 'Atendente', 10,   4),
(11, 11, 'Funcionario 11', 'Gerente',   11,   NULL),
(12, 12, 'Funcionario 12', 'Atendente', 12,   13),
(13, 13, 'Funcionario 13', 'Atendente', 13,   22),
(14, 14, 'Funcionario 14', 'Atendente', 14,   19),
(15, 15, 'Funcionario 15', 'Atendente', 15,   7),
(16, 16, 'Funcionario 16', 'Gerente',   16,   NULL),
(17, 17, 'Funcionario 17', 'Atendente', 17,   30),
(18, 18, 'Funcionario 18', 'Atendente', 18,   16),
(19, 19, 'Funcionario 19', 'Atendente', 19,   23),
(20, 20, 'Funcionario 20', 'Atendente', 20,   3),
(21, 21, 'Funcionario 21', 'Gerente',   21,   NULL),
(22, 22, 'Funcionario 22', 'Atendente', 22,   6),
(23, 23, 'Funcionario 23', 'Atendente', 23,   10),
(24, 24, 'Funcionario 24', 'Atendente', 24,   21),
(25, 25, 'Funcionario 25', 'Atendente', 25,   27),
(26, 26, 'Funcionario 26', 'Gerente',   26,   NULL),
(27, 27, 'Funcionario 27', 'Atendente', 27,   26),
(28, 28, 'Funcionario 28', 'Atendente', 28,   2),
(29, 29, 'Funcionario 29', 'Atendente', 29,   14),
(30, 30, 'Funcionario 30', 'Atendente', 30,   17);

INSERT INTO Telefone (Numero, idCliente) VALUES
('(81)90001-0001', 1),
('(81)90002-0002', 2),
('(81)90003-0003', 3),
('(81)90004-0004', 4),
('(81)90005-0005', 5),
('(81)90006-0006', 6),
('(81)90007-0007', 7),
('(81)90008-0008', 8),
('(81)90009-0009', 9),
('(81)90010-0010', 10),
('(81)90011-0011', 11),
('(81)90012-0012', 12),
('(81)90013-0013', 13),
('(81)90014-0014', 14),
('(81)90015-0015', 15),
('(81)90016-0016', 16),
('(81)90017-0017', 17),
('(81)90018-0018', 18),
('(81)90019-0019', 19),
('(81)90020-0020', 20),
('(81)90021-0021', 21),
('(81)90022-0022', 22),
('(81)90023-0023', 23),
('(81)90024-0024', 24),
('(81)90025-0025', 25),
('(81)90026-0026', 26),
('(81)90027-0027', 27),
('(81)90028-0028', 28),
('(81)90029-0029', 29),
('(81)90030-0030', 30),
('(81)90031-0031', 31);

INSERT INTO PessoaFisica (idCliente, sexo, idade, cpf) VALUES
(1, 'M', 19, '34253407749'),
(2, 'M', 19, '95294384632'),
(3, 'F', 19, '97171436681'),
(4, 'F', 23, '08465554586'),
(5, 'F', 19, '08749434171'),
(6, 'M', 20, '24511609976'),
(7, 'F', 19, '56049756027'),
(8, 'F', 19, '81243985019'),
(9, 'M', 19, '97986211374'),
(10, 'F', 51, '44802005011'),
(11, 'F', 53, '70942641524'),
(12, 'F', 19, '73750969441'),
(13, 'F', 19, '87267292721'),
(14, 'F', 27, '59694576699'),
(15, 'M', 19, '45299529784'),
(16, 'M', 19, '63403076761'),
(17, 'M', 30, '43253919989'),
(18, 'F', 53, '82957692548'),
(19, 'M', 57, '31022663202'),
(20, 'M', 15, '75716284256'),
(21, 'F', 47, '17721525529'),
(22, 'F', 20, '58757911688'),
(23, 'F', 19 , '18170679187'),
(24, 'F', 19, '81065410121'),
(25, 'F', 19, '37235986392'),
(26, 'F', 29, '96523060153'),
(27, 'M', 20, '55790054835'),
(28, 'M', 20, '10197380273'),
(29, 'M', 20, '52263515114'),
(30, 'F', 19, '54305386444'),
(31, 'F', 20, '10305601127'),
(32, 'F', 27, '65862019962');

-- A partir daqui sera a insercao dos dados na tabela 
-- a data da transacao, por nao fazer muito sentido ao coletarmos os dados, optamos por colocar de forma aleatoria

INSERT INTO Transacao (idTransacao, idCliente, dataHora) VALUES
(20,  1 , '2024-11-23 09:00:00'),
(21,  2 , '2024-05-20 11:25:00'),
(22,  3 , '2024-03-12 19:12:00'),
(23,  4 , '2024-12-12 19:10:00'),
(24,  5 , '2024-10-29 14:05:00'),
(25,  6 , '2024-02-10 16:33:00'),
(26,  7 , '2024-01-24 18:25:00'),
(27,  8 , '2024-07-24 09:22:00'),
(28,  9 , '2024-01-16 09:22:00'),
(29, 10 , '2024-08-03 12:40:00'),
(30, 11 , '2024-06-18 12:55:00'),
(31, 12 , '2024-02-25 18:25:00'),
(32, 13 , '2024-04-22 08:15:00'),
(33, 14 , '2024-01-23 19:50:00'),
(34, 15 , '2024-09-05 10:33:00'),
(35, 16 , '2024-06-01 15:55:00'),
(36, 17 , '2024-03-07 08:12:00'),
(37, 18 , '2024-09-11 14:47:00'),
(38, 19 , '2024-04-30 18:40:00'),
(39, 20 , '2024-05-06 09:30:00'),
(40, 21 , '2024-08-20 16:22:00'),
(41, 22 , '2024-11-05 11:25:00'),
(42, 23 , '2024-12-22 20:55:00'),
(43, 24 , '2024-07-02 13:10:00'),
(44, 25 , '2024-02-16 08:44:00'),
(45, 26 , '2024-10-11 19:50:00'),
(46, 27 , '2024-03-30 17:15:00'),
(47, 28 , '2024-06-27 14:33:00'),
(48, 29 , '2024-01-04 20:18:00'),
(49, 30 , '2024-11-30 10:55:00'),
(50, 31 , '2024-12-30 18:45:00');

-- limite e valor utilizado tambem tomamos liberdade de criar, visto que é pessoal
INSERT INTO Saque (idTransacao, tipo_saque, limite_utilizado, valor) VALUES
(20, 'PIX', 100.00, 150.75),
(21, 'PIX', 500.00, 520.00),
(22, 'PIX', 1000.00, 980.50),
(23, 'PIX', 250.00, 260.00),
(24, 'PIX', 0.00, 100.00),
(25, 'PIX', 750.00, 740.25),
(26, 'PIX', 1200.00, 1300.00),
(27, 'PIX', 300.00, 310.50),
(28, 'PIX', 50.00, 60.00),
(29, 'PIX', 900.00, 920.75),
(30, 'PIX', 0.00, 50.00),
(31, 'PIX', 450.00, 460.00),
(32, 'PIX', 600.00, 590.50),
(33, 'PIX', 1500.00, 1520.00),
(34, 'PIX', 200.00, 210.00),
(35, 'PIX', 0.00, 80.50),
(36, 'PIX', 350.00, 360.00),
(37, 'PIX', 800.00, 820.75),
(38, 'PIX', 0.00, 90.00),
(39, 'PIX', 1000.00, 1010.25),
(40, 'PIX', 400.00, 390.50),
(41, 'PIX', 0.00, 120.00),
(42, 'PIX', 550.00, 560.75),
(43, 'PIX', 2500.00, 2450.00),
(44, 'PIX', 0.00, 200.00),
(45, 'PIX', 700.00, 720.50),
(46, 'PIX', 0.00, 150.00),
(47, 'PIX', 1200.00, 1180.75),
(48, 'PIX', 600.00, 610.00),
(49, 'PIX', 0.00, 100.25),
(50, 'PIX', 300.00, 310.00);


-- dados sao subjetivos e pessoais, apenas a origem valor e metodo pegamos do dados coletados
INSERT INTO Deposito (idTransacao, origem_valor, metodo_deposito, valor) VALUES
(20, 'Salário', 'PIX', 1500.00),
(21, 'Salário, Mesada', 'PIX', 1800.50),
(22, 'Mesada', 'PIX', 500.25),
(23, 'Salário, Transferência, Mesada', 'PIX', 2200.75),
(24, 'Transferência, Mesada', 'PIX', 1200.00),
(25, 'Salário, Mesada', 'PIX', 1600.30),
(26, 'Transferência, Mesada', 'PIX', 1400.00),
(27, 'Transferência', 'PIX', 900.50),
(28, 'Mesada', 'PIX', 450.00),
(29, 'Salário, Transferência', 'PIX', 2000.75),
(30, 'Transferência', 'PIX', 1100.00),
(31, 'Salário, Transferência, Presente', 'PIX', 2500.25),
(32, 'Transferência, Mesada, Presente', 'PIX', 1300.50),
(33, 'Salário, Transferência', 'PIX', 1700.00),
(34, 'Salário, Mesada', 'PIX', 1550.75),
(35, 'Mesada', 'PIX', 600.00),
(36, 'Salário', 'PIX', 1400.00),
(37, 'Salário', 'PIX', 1800.25),
(38, 'Salário', 'PIX', 1600.00),
(39, 'Mesada, Presente', 'PIX', 950.50),
(40, 'Salário', 'PIX', 2000.00),
(41, 'Transferência, Mesada, Presente', 'PIX', 1700.75),
(42, 'Transferência, Mesada', 'PIX', 1250.00),
(43, 'Transferência, Mesada', 'PIX', 1350.25),
(44, 'Salário, Mesada', 'PIX', 1500.50),
(45, 'Salário', 'PIX', 1800.00),
(46, 'Salário, Mesada, Presente', 'PIX', 2200.75),
(47, 'Salário, Mesada, Presente', 'PIX', 2100.50),
(48, 'Salário, Mesada', 'PIX', 1900.00),
(49, 'Mesada', 'PIX', 700.25),
(50, 'Transferência, Mesada, Presente', 'PIX', 2000.75);


INSERT INTO Recibo (idRecibo, idTransacao, data_emissao, tipo_transacao, valor) VALUES
(100, 20, '2024-01-15', 'Depósito', 1500.00),
(101, 21, '2024-01-16', 'Depósito', 1800.50),
(102, 22, '2024-01-17', 'Depósito', 500.25),
(103, 23, '2024-01-18', 'Depósito', 2200.75),
(104, 24, '2024-01-19', 'Depósito', 1200.00),
(105, 25, '2024-01-20', 'Depósito', 1600.30),
(106, 26, '2024-01-21', 'Depósito', 1400.00),
(107, 27, '2024-01-22', 'Depósito', 900.50),
(108, 28, '2024-01-23', 'Depósito', 450.00),
(109, 29, '2024-01-24', 'Depósito', 2000.75),
(110, 30, '2024-01-25', 'Depósito', 1100.00),
(111, 31, '2024-01-26', 'Depósito', 2500.25),
(112, 32, '2024-01-27', 'Depósito', 1300.50),
(113, 33, '2024-01-28', 'Depósito', 1700.00),
(114, 34, '2024-01-29', 'Depósito', 1550.75),
(115, 35, '2024-01-30', 'Depósito', 600.00),
(116, 36, '2024-02-01', 'Depósito', 1400.00),
(117, 37, '2024-02-02', 'Depósito', 1800.25),
(118, 38, '2024-02-03', 'Depósito', 1600.00),
(119, 39, '2024-02-04', 'Depósito', 950.50),
(120, 40, '2024-02-05', 'Depósito', 2000.00),
(121, 41, '2024-02-06', 'Depósito', 1700.75),
(122, 42, '2024-02-07', 'Depósito', 1250.00),
(123, 43, '2024-02-08', 'Depósito', 1350.25),
(124, 44, '2024-02-09', 'Depósito', 1500.50),
(125, 45, '2024-02-10', 'Depósito', 1800.00),
(126, 46, '2024-02-11', 'Depósito', 2200.75),
(127, 47, '2024-02-12', 'Depósito', 2100.50),
(128, 48, '2024-02-13', 'Depósito', 1900.00),
(129, 49, '2024-02-14', 'Depósito', 700.25),
(130, 50, '2024-02-15', 'Depósito', 2000.75),
(131, 20, '2024-02-16', 'Saque', 150.75),
(132, 21, '2024-02-17', 'Saque', 520.00),
(133, 22, '2024-02-18', 'Saque', 980.50),
(134, 23, '2024-02-19', 'Saque', 260.00),
(135, 24, '2024-02-20', 'Saque', 100.00),
(136, 25, '2024-02-21', 'Saque', 740.25),
(137, 26, '2024-02-22', 'Saque', 1300.00),
(138, 27, '2024-02-23', 'Saque', 310.50),
(139, 28, '2024-02-24', 'Saque', 60.00),
(140, 29, '2024-02-25', 'Saque', 920.75),
(141, 30, '2024-02-26', 'Saque', 50.00),
(142, 31, '2024-02-27', 'Saque', 460.00),
(143, 32, '2024-02-28', 'Saque', 590.50),
(144, 33, '2024-02-29', 'Saque', 1520.00),
(145, 34, '2024-03-01', 'Saque', 210.00),
(146, 35, '2024-03-02', 'Saque', 80.50),
(147, 36, '2024-03-03', 'Saque', 360.00),
(148, 37, '2024-03-04', 'Saque', 820.75),
(149, 38, '2024-03-05', 'Saque', 90.00),
(150, 39, '2024-03-06', 'Saque', 1010.25),
(151, 40, '2024-03-07', 'Saque', 390.50),
(152, 41, '2024-03-08', 'Saque', 120.00),
(153, 42, '2024-03-09', 'Saque', 560.75),
(154, 43, '2024-03-10', 'Saque', 2450.00),
(155, 44, '2024-03-11', 'Saque', 200.00),
(156, 45, '2024-03-12', 'Saque', 720.50),
(157, 46, '2024-03-13', 'Saque', 150.00),
(158, 47, '2024-03-14', 'Saque', 1180.75),
(159, 48, '2024-03-15', 'Saque', 610.00),
(160, 49, '2024-03-16', 'Saque', 100.25),
(161, 50, '2024-03-17', 'Saque', 310.00);
